{"cameraMode":{"drawMode":0,"name":"Shaded","section":"Shading Mode"},"sceneLighting":true,"audioPlay":false,"sceneViewState":{"m_AlwaysRefresh":false,"showFog":true,"showSkybox":true,"showFlares":true,"showImageEffects":true,"showParticleSystems":true,"showVisualEffectGraphs":true,"m_FxEnabled":true},"in2DMode":false,"pivot":{"x":1.1064903736114503,"y":1.0253419876098633,"z":-0.37307560443878176},"rotation":{"x":0.11710424721240998,"y":-0.48840048909187319,"z":0.0663449689745903,"w":0.8622029423713684},"size":1.2383713722229005,"orthographic":false}