{"cameraMode":{"drawMode":0,"name":"Shaded","section":"Shading Mode"},"sceneLighting":true,"audioPlay":false,"sceneViewState":{"m_AlwaysRefresh":false,"showFog":true,"showSkybox":true,"showFlares":true,"showImageEffects":true,"showParticleSystems":true,"showVisualEffectGraphs":true,"m_FxEnabled":true},"in2DMode":false,"pivot":{"x":-0.11322319507598877,"y":0.5034506320953369,"z":1.9028291702270508},"rotation":{"x":-0.21396459639072419,"y":0.1692846268415451,"z":-0.03768244385719299,"w":-0.9613387584686279},"size":2.0886058807373049,"orthographic":false}